year,month_name,region,category,total_orders,units_sold,gross_revenue,gross_margin,avg_order_value,fulfillment_rate_pct
January,2024,East,Electronics,24,100,82032.08,26899.0,3418.0,91.67
January,2024,East,Furniture,13,50,27104.4,9168.7,2084.95,84.62
January,2024,East,Industrial,23,114,108109.2,32832.6,4700.4,86.96
January,2024,East,Warehouse,18,96,1693.8,826.76,94.1,94.44
January,2024,North,Electronics,23,108,69689.17,24052.88,3029.96,100.0
January,2024,North,Furniture,15,81,53934.1,17414.1,3595.61,86.67
January,2024,North,Industrial,25,95,76921.5,23922.3,3076.86,80.0
January,2024,North,Warehouse,12,49,838.64,409.89,69.89,91.67
January,2024,South,Electronics,34,156,89825.91,30781.19,2641.94,79.41
January,2024,South,Furniture,15,64,36582.6,12121.4,2438.84,93.33
January,2024,South,Industrial,31,123,147032.25,43914.85,4742.98,90.32
January,2024,South,Warehouse,24,110,2010.06,996.19,83.75,75.0
January,2024,West,Electronics,21,107,67794.09,23465.14,3228.29,85.71
January,2024,West,Furniture,9,50,31395.1,10194.8,3488.34,88.89
January,2024,West,Industrial,22,108,86106.1,26832.1,3913.91,86.36
January,2024,West,Warehouse,20,105,1836.32,910.26,91.82,85.0
February,2024,East,Electronics,24,78,52847.3,18453.6,2201.97,87.5
February,2024,East,Furniture,14,57,34971.2,11459.8,2497.94,100.0
February,2024,East,Industrial,16,84,74394.9,22922.2,4649.68,87.5
February,2024,East,Warehouse,23,102,1756.3,863.17,76.36,82.61
February,2024,North,Electronics,27,138,105246.96,33966.31,3898.04,92.59
February,2024,North,Furniture,11,53,28322.5,9584.7,2574.77,81.82
February,2024,North,Industrial,18,87,75354.5,23148.3,4186.36,72.22
February,2024,North,Warehouse,24,104,1835.48,902.35,76.48,87.5
February,2024,South,Electronics,41,212,142588.68,47582.52,3477.77,95.12
February,2024,South,Furniture,13,57,30225.9,10178.9,2325.07,92.31
February,2024,South,Industrial,21,99,133480.3,39360.0,6356.2,85.71
February,2024,South,Warehouse,25,101,1710.72,838.46,68.43,76.0
February,2024,West,Electronics,23,97,67281.5,22889.42,2925.28,86.96
February,2024,West,Furniture,17,74,49688.9,16057.1,2922.88,82.35
February,2024,West,Industrial,25,142,172852.95,51295.15,6914.12,88.0
February,2024,West,Warehouse,25,104,1863.14,917.61,74.53,84.0
March,2024,East,Electronics,26,118,74409.11,25546.73,2861.89,76.92
March,2024,East,Furniture,21,103,57165.2,19167.7,2722.15,85.71
March,2024,East,Industrial,19,82,70437.25,21773.65,3707.22,89.47
March,2024,East,Warehouse,22,104,1852.16,908.25,84.19,86.36
March,2024,North,Electronics,30,157,86324.65,30321.11,2877.49,93.33
March,2024,North,Furniture,13,60,41762.3,13454.5,3212.48,84.62
March,2024,North,Industrial,20,86,69111.4,21514.7,3455.57,90.0
March,2024,North,Warehouse,19,73,1375.54,683.61,72.4,84.21
March,2024,South,Electronics,21,99,55956.03,20158.49,2664.57,90.48
March,2024,South,Furniture,18,97,64141.4,20839.7,3563.41,77.78
March,2024,South,Industrial,26,126,100359.6,31296.8,3859.98,80.77
March,2024,South,Warehouse,21,100,1679.4,817.64,79.97,90.48
March,2024,West,Electronics,31,144,90583.89,31055.65,2922.06,77.42
March,2024,West,Furniture,13,57,30516.2,10344.4,2347.4,92.31
March,2024,West,Industrial,20,86,99092.2,29660.7,4954.61,90.0
March,2024,West,Warehouse,20,73,1296.22,637.19,64.81,90.0
April,2024,East,Electronics,20,93,62600.84,21176.54,3130.04,90.0
April,2024,East,Furniture,15,53,22505.8,8022.2,1500.39,86.67
April,2024,East,Industrial,23,101,99738.2,30260.0,4336.44,78.26
April,2024,East,Warehouse,22,105,1928.84,949.4,87.67,81.82
April,2024,North,Electronics,27,98,66877.02,22152.48,2476.93,85.19
April,2024,North,Furniture,8,49,30220.5,9894.6,3777.56,87.5
April,2024,North,Industrial,23,98,74240.1,23262.8,3227.83,73.91
April,2024,North,Warehouse,18,74,1290.28,635.81,71.68,88.89
April,2024,South,Electronics,24,102,78482.92,25780.79,3270.12,95.83
April,2024,South,Furniture,10,44,20599.2,7103.0,2059.92,100.0
April,2024,South,Industrial,23,115,179891.3,52466.2,7821.36,86.96
April,2024,South,Warehouse,20,102,1855.68,917.4,92.78,90.0
April,2024,West,Electronics,29,111,65780.17,22794.17,2268.28,89.66
April,2024,West,Furniture,13,53,31298.9,10417.3,2407.61,84.62
April,2024,West,Industrial,20,83,67477.05,21000.95,3373.85,80.0
April,2024,West,Warehouse,15,65,1176.56,583.63,78.44,100.0
May,2024,East,Electronics,30,115,90934.03,29522.84,3031.13,70.0
May,2024,East,Furniture,9,40,22113.0,7445.2,2457.0,88.89
May,2024,East,Industrial,21,95,136929.2,40133.5,6520.44,100.0
May,2024,East,Warehouse,16,84,1318.64,639.58,82.42,81.25
May,2024,North,Electronics,27,117,59845.15,20416.31,2216.49,62.96
May,2024,North,Furniture,13,60,33466.1,11200.6,2574.32,84.62
May,2024,North,Industrial,35,166,203064.9,60418.6,5801.85,94.29
May,2024,North,Warehouse,17,84,1571.6,776.01,92.45,82.35
May,2024,South,Electronics,36,165,86190.54,32403.9,2394.18,80.56
May,2024,South,Furniture,11,47,25424.7,8537.3,2311.34,81.82
May,2024,South,Industrial,30,148,181431.7,53967.2,6047.72,93.33
May,2024,South,Warehouse,20,96,1757.14,862.97,87.86,80.0
May,2024,West,Electronics,37,159,114846.42,39348.34,3103.96,91.89
May,2024,West,Furniture,14,60,41130.2,13242.4,2937.87,92.86
May,2024,West,Industrial,14,67,87345.9,25902.6,6238.99,78.57
May,2024,West,Warehouse,23,110,1951.62,966.31,84.85,82.61
June,2024,East,Electronics,31,143,89636.56,30636.4,2891.5,83.87
June,2024,East,Furniture,15,61,32368.8,10889.0,2157.92,86.67
June,2024,East,Industrial,19,91,111042.25,33162.95,5844.33,84.21
June,2024,East,Warehouse,16,74,1352.86,662.63,84.55,93.75
June,2024,North,Electronics,21,98,57193.07,18886.42,2723.48,85.71
June,2024,North,Furniture,16,68,52438.2,16588.6,3277.39,75.0
June,2024,North,Industrial,20,84,84324.7,25513.1,4216.23,95.0
June,2024,North,Warehouse,19,97,1813.26,896.06,95.43,73.68
June,2024,South,Electronics,17,66,53293.06,17531.11,3134.89,88.24
June,2024,South,Furniture,15,84,49592.0,16429.4,3306.13,66.67
June,2024,South,Industrial,16,76,77844.9,23567.6,4865.31,93.75
June,2024,South,Warehouse,22,84,1529.78,755.65,69.54,81.82
June,2024,West,Electronics,29,139,102451.22,32312.9,3532.8,72.41
June,2024,West,Furniture,12,55,30932.3,10311.0,2577.69,83.33
June,2024,West,Industrial,26,128,117727.4,36106.5,4527.98,84.62
June,2024,West,Warehouse,26,125,2179.54,1060.92,83.83,88.46
July,2024,East,Electronics,35,169,92478.37,31836.49,2642.24,82.86
July,2024,East,Furniture,19,88,51177.9,17012.8,2693.57,84.21
July,2024,East,Industrial,25,106,85632.95,26578.55,3425.32,84.0
July,2024,East,Warehouse,25,120,2052.94,1008.46,82.12,92.0
July,2024,North,Electronics,36,154,101757.84,34578.72,2826.61,94.44
July,2024,North,Furniture,11,39,24707.7,8130.4,2246.15,100.0
July,2024,North,Industrial,13,71,84350.5,25158.5,6488.5,92.31
July,2024,North,Warehouse,22,91,1579.94,781.06,71.82,90.91
July,2024,South,Electronics,32,154,82957.28,29633.87,2592.41,87.5
July,2024,South,Furniture,15,53,33918.4,11031.3,2261.23,86.67
July,2024,South,Industrial,19,80,60538.75,18962.25,3186.25,78.95
July,2024,South,Warehouse,23,118,2103.98,1031.24,91.48,78.26
July,2024,West,Electronics,31,156,102361.81,34233.1,3301.99,77.42
July,2024,West,Furniture,8,35,25445.0,8138.8,3180.63,75.0
July,2024,West,Industrial,23,133,98318.85,31030.25,4274.73,82.61
July,2024,West,Warehouse,18,74,1250.04,610.1,69.45,88.89
August,2024,East,Electronics,31,159,126577.17,41644.71,4083.13,90.32
August,2024,East,Furniture,11,48,28110.6,9322.0,2555.51,81.82
August,2024,East,Industrial,25,118,113077.2,34431.0,4523.09,84.0
August,2024,East,Warehouse,22,111,2016.7,991.91,91.67,90.91
August,2024,North,Electronics,23,78,58038.15,18805.18,2523.4,86.96
August,2024,North,Furniture,10,32,21442.7,6936.8,2144.27,80.0
August,2024,North,Industrial,22,85,87035.9,26314.2,3956.18,77.27
August,2024,North,Warehouse,25,104,1715.26,838.71,68.61,80.0
August,2024,South,Electronics,29,135,103784.32,33585.54,3578.77,79.31
August,2024,South,Furniture,16,72,45303.4,14841.7,2831.46,68.75
August,2024,South,Industrial,20,99,95358.05,29093.65,4767.9,80.0
August,2024,South,Warehouse,25,114,1961.96,962.65,78.48,88.0
August,2024,West,Electronics,21,96,65332.01,23006.7,3111.05,85.71
August,2024,West,Furniture,13,45,33786.9,10710.9,2598.99,100.0
August,2024,West,Industrial,19,74,107571.65,31543.85,5661.67,84.21
August,2024,West,Warehouse,13,61,937.78,451.87,72.14,84.62
September,2024,East,Electronics,26,98,60575.91,20722.87,2329.84,92.31
September,2024,East,Furniture,21,91,56754.2,18577.2,2702.58,85.71
September,2024,East,Industrial,19,79,82962.05,24999.25,4366.42,84.21
September,2024,East,Warehouse,21,88,1542.7,763.1,73.46,95.24
September,2024,North,Electronics,27,132,84093.63,27856.35,3114.58,85.19
September,2024,North,Furniture,7,22,12736.4,4217.7,1819.49,85.71
September,2024,North,Industrial,17,81,83630.05,25299.25,4919.41,70.59
September,2024,North,Warehouse,22,98,1873.46,929.56,85.16,86.36
September,2024,South,Electronics,34,165,88002.31,30751.55,2588.3,91.18
September,2024,South,Furniture,9,42,26875.9,8755.8,2986.21,66.67
September,2024,South,Industrial,18,83,95190.6,28404.2,5288.37,83.33
September,2024,South,Warehouse,25,103,1842.5,914.27,73.7,76.0
September,2024,West,Electronics,24,116,67107.89,22987.0,2796.16,83.33
September,2024,West,Furniture,12,71,48383.1,15708.9,4031.92,91.67
September,2024,West,Industrial,27,122,98532.75,30746.25,3649.36,88.89
September,2024,West,Warehouse,21,103,1749.18,856.53,83.29,80.95
October,2024,East,Electronics,27,113,63332.37,21420.21,2345.64,77.78
October,2024,East,Furniture,21,83,54931.1,17834.5,2615.77,85.71
October,2024,East,Industrial,18,82,82944.55,25148.35,4608.03,88.89
October,2024,East,Warehouse,20,89,1527.16,742.3,76.36,90.0
October,2024,North,Electronics,23,103,51561.11,18594.82,2241.79,82.61
October,2024,North,Furniture,8,33,16924.8,5799.3,2115.6,100.0
October,2024,North,Industrial,27,115,97289.0,30073.0,3603.3,77.78
October,2024,North,Warehouse,14,64,1150.44,560.71,82.17,78.57
October,2024,South,Electronics,34,144,91241.34,30127.37,2683.57,91.18
October,2024,South,Furniture,11,49,23005.2,7965.0,2091.38,81.82
October,2024,South,Industrial,22,120,106927.85,32792.65,4860.36,81.82
October,2024,South,Warehouse,12,45,755.32,370.73,62.94,66.67
October,2024,West,Electronics,29,146,94274.3,30042.84,3250.84,82.76
October,2024,West,Furniture,18,88,56944.2,18571.0,3163.57,77.78
October,2024,West,Industrial,20,82,75919.9,23262.8,3795.99,90.0
October,2024,West,Warehouse,27,113,2093.56,1033.62,77.54,59.26
November,2024,East,Electronics,29,114,83735.06,27529.66,2887.42,100.0
November,2024,East,Furniture,16,76,54034.5,17283.9,3377.16,81.25
November,2024,East,Industrial,19,93,98728.9,29668.6,5196.26,89.47
November,2024,East,Warehouse,22,96,1679.46,826.8,76.34,90.91
November,2024,North,Electronics,29,134,98124.07,32187.88,3383.59,96.55
November,2024,North,Furniture,9,35,21117.7,6978.9,2346.41,88.89
November,2024,North,Industrial,25,101,74651.6,23488.5,2986.06,88.0
November,2024,North,Warehouse,23,84,1408.5,688.9,61.24,95.65
November,2024,South,Electronics,20,82,63096.99,20041.77,3154.85,70.0
November,2024,South,Furniture,17,86,44796.3,15200.3,2635.08,88.24
November,2024,South,Industrial,27,111,105710.4,32179.6,3915.2,96.3
November,2024,South,Warehouse,15,67,1115.28,540.77,74.35,93.33
November,2024,West,Electronics,37,170,93688.31,33283.46,2532.12,81.08
November,2024,West,Furniture,8,35,21354.6,7052.8,2669.32,87.5
November,2024,West,Industrial,19,92,89109.0,27013.4,4689.95,73.68
November,2024,West,Warehouse,18,73,1248.16,612.6,69.34,77.78
December,2024,East,Electronics,24,103,61726.18,19621.59,2571.92,79.17
December,2024,East,Furniture,15,58,33562.8,11170.3,2237.52,93.33
December,2024,East,Industrial,21,108,133832.25,39862.25,6372.96,90.48
December,2024,East,Warehouse,18,70,1317.82,650.16,73.21,88.89
December,2024,North,Electronics,21,79,42136.08,14396.67,2006.48,90.48
December,2024,North,Furniture,16,63,37395.2,12359.4,2337.2,75.0
December,2024,North,Industrial,25,113,110136.95,33573.15,4405.48,92.0
December,2024,North,Warehouse,16,78,1355.76,663.56,84.73,81.25
December,2024,South,Electronics,35,153,115347.77,37274.16,3295.65,80.0
December,2024,South,Furniture,20,94,52784.9,17568.8,2639.24,85.0
December,2024,South,Industrial,26,133,130278.9,39624.5,5010.73,88.46
December,2024,South,Warehouse,18,91,1465.62,704.02,81.42,77.78
December,2024,West,Electronics,24,116,71095.52,24228.85,2962.31,79.17
December,2024,West,Furniture,7,26,16337.5,5331.3,2333.93,85.71
December,2024,West,Industrial,23,96,105871.85,31811.25,4603.12,78.26
December,2024,West,Warehouse,18,73,1208.2,586.29,67.12,94.44
