product_id,product_name,category,sub_category,brand,unit_price,cost_price
1,Laptop Pro 14,Electronics,Computers,Apex,1299.00,930.00
2,Office Headset,Electronics,Accessories,Echo,189.00,122.00
3,Industrial Sensor,Industrial,Automation,Forge,430.00,280.00
4,Warehouse Scanner,Industrial,Logistics,Crest,545.00,360.00
5,Ergo Chair,Furniture,Office,Northline,410.00,260.00
6,Standing Desk,Furniture,Office,Northline,890.00,610.00
7,Smart Camera,Electronics,Security,Signal,640.00,385.00
8,Safety Gloves,Warehouse,Safety,Forge,24.00,12.00
9,Packing Tape,Warehouse,Packaging,Crest,18.00,9.00
10,Mobile Barcode Printer,Electronics,Logistics,Echo,780.00,500.00
11,Delivery Robot,Industrial,Automation,Apex,2450.00,1750.00
12,Thermal Label Roll,Warehouse,Packaging,Northline,16.00,8.50
